<manifest><control namespace="btd" constructor="screenshot" version="0.0.1" display-name-key="screenshot" description-key="screenshot description" control-type="standard" api-version="1.2.2"><property name="ButtonText" display-name-key="Property_ButtonText" description-key="Property_ButtonText" of-type="SingleLine.Text" usage="bound" required="true" default-value="Export to Excel" /><property name="ButtonHeight" display-name-key="Property_ButtonHeight" description-key="Property_ButtonHeight" of-type="SingleLine.Text" usage="bound" required="true" default-value="60" /><property name="TextColor" display-name-key="Property_TextColor" description-key="Property_TextColor" of-type="SingleLine.Text" usage="bound" required="true" default-value="white" /><property name="TextSize" display-name-key="Property_TextSize" description-key="Property_TextSize" of-type="SingleLine.Text" usage="bound" required="true" default-value="15px" /><property name="Font" display-name-key="Property_Font" description-key="Property_Font" of-type="SingleLine.Text" usage="bound" required="true" default-value="verdana" /><property name="BackgroundColor" display-name-key="Property_BackgroundColor" description-key="Property_BackgroundColor" of-type="SingleLine.Text" usage="bound" required="true" default-value="Purple" /><property name="OutPut" display-name-key="Property_Display_Key" description-key="Property_Desc_Key" of-type="Multiple" usage="output" /><resources><code path="bundle.js" order="1" /></resources><built-by name="pac" version="1.2.6" /></control></manifest>